[
    {
        "id": 0,
        "name": "Johan Deo",
        "thumb": "user/1.jpg",
        "status": "  Out is my favorite",
        "lastSeenDate": "0",
        "online": true,
        "typing": true,
        "time": " 5 May, 5:30 PM",
        "reply": "fa fa-reply font-danger"
    },
    {
        "id": 1,
        "name": "Vincent Porter",
        "thumb": "user/2.png",
        "status": "  Change for anyone.",
        "lastSeenDate": "Last seen today 15:24",
        "online": false,
        "typing": false,
        "time": " 5 May, 5:30 PM",
        "reply": "fa fa-reply font-success"
    },
    {
        "id": 2,
        "name": "Aiden Chavez",
        "thumb": "user/3.png",
        "status": "  first bun like a sun.",
        "lastSeenDate": "Last seen today 13:24",
        "online": false,
        "typing": false,
        "time": " 5 May, 5:30 PM",
        "reply": "fa fa-reply font-success"
    },
    {
        "id": 3,
        "name": "Ginger Johnston",
        "thumb": "user/6.jpg",
        "status": "  first bun like a sun.",
        "lastSeenDate": "Last seen today 22:24",
        "online": false,
        "typing": false,
        "time": " 5 May, 5:30 PM",
        "reply": "fa fa-reply font-danger"
    },
    {
        "id": 4,
        "name": "Kori Thomas",
        "thumb": "user/7.jpg",
        "status": "  Change for anyone.",
        "lastSeenDate": "Last seen today 00:24",
        "online": true,
        "typing": true,
        "time": " 5 May, 5:30 PM",
        "reply": "fa fa-reply font-success"
    },
    {
        "id": 5,
        "name": "Kori Thomas",
        "thumb": "user/9.jpg",
        "status": "  Change for anyone.",
        "lastSeenDate": "Last seen yesterday 06:47",
        "online": false,
        "typing": false,
        "time": " 5 May, 5:30 PM",
        "reply": "fa fa-reply font-danger"
    },
    {
        "id": 6,
        "name": "Erica Hughes",
        "thumb": "user/10.jpg",
        "status": "  Change for anyone.",
        "lastSeenDate": "Last seen yesterday 20:07",
        "online": true,
        "typing": true,
        "time": " 5 May, 5:30 PM",
        "reply": "fa fa-reply font-danger"
    },
    {
        "id": 7,
        "name": "Porter Ginger",
        "thumb": "user/11.png",
        "status": "  Change for anyone.",
        "lastSeenDate": "Last seen yesterday 14:14",
        "online": false,
        "typing": false,
        "time": " 5 May, 5:30 PM",
        "reply": "fa fa-reply font-success"
    }
]