[
    {
        "id": 1,
        "img": "product/product-table-6.png",
        "product": "Fancy Women's Cotton",
        "prdouctstatus": "Processing",
        "stock": "In stock",
        "price": "210$"
    },
    {
        "id": 2,
        "img": "product/product-table-5.png",
        "product": "Fancy Women's Cotton",
        "prdouctstatus": "Processing",
        "stock": "In stock",
        "price": "210$"
    },
    {
        "id": 3,
        "img": "product/product-table-4.png",
        "product": "Fancy Women's Cotton",
        "prdouctstatus": "Processing",
        "stock": "In stock",
        "price": "210$"
    },
    {
        "id": 4,
        "img": "product/product-table-3.png",
        "product": "Fancy Men's Cotton",
        "prdouctstatus": "Processing",
        "stock": "In stock",
        "price": "210$"
    },
    {
        "id": 5,
        "img": "product/product-table-2.png",
        "product": "Fancy Men's Cotton",
        "prdouctstatus": "Processing",
        "stock": "In stock",
        "price": "210$"
    },
    {
        "id": 6,
        "img": "product/product-table-1.png",
        "product": "Fancy Men's Cotton",
        "prdouctstatus": "Processing",
        "stock": "In stock",
        "price": "210$"
    },
    {
        "id": 7,
        "img": "product/product-table-1.png",
        "product": "Fancy Men's Cotton",
        "prdouctstatus": "Processing",
        "stock": "In stock",
        "price": "210$"
    },
    {
        "id": 8,
        "img": "product/product-table-6.png",
        "product": "Fancy Women's Cotton",
        "prdouctstatus": "Processing",
        "stock": "In stock",
        "price": "210$"
    },
    {
        "id": 9,
        "img": "product/product-table-5.png",
        "product": "Fancy Women's Cotton",
        "prdouctstatus": "Processing",
        "stock": "In stock",
        "price": "210$"
    },
    {
        "id": 10,
        "img": "product/product-table-6.png",
        "product": "Fancy Women's Cotton",
        "prdouctstatus": "Shipped",
        "stock": "In stock",
        "price": "$21"
    },
    {
        "id": 11,
        "img": "product/product-table-5.png",
        "product": "Fancy Women's Cotton",
        "prdouctstatus": "Shipped",
        "stock": "In stock",
        "price": "210$"
    },
    {
        "id": 12,
        "img": "product/product-table-4.png",
        "product": "Fancy Women's Cotton",
        "prdouctstatus": "Shipped",
        "stock": "In stock",
        "price": "210$"
    },
    {
        "id": 13,
        "img": "product/product-table-3.png",
        "product": "Fancy Men's Cotton",
        "prdouctstatus": "Shipped",
        "stock": "In stock",
        "price": "210$"
    },
    {
        "id": 14,
        "img": "product/product-table-3.png",
        "product": "Fancy Men's Cotton",
        "prdouctstatus": "Shipped",
        "stock": "In stock",
        "price": "210$"
    },
    {
        "id": 15,
        "img": "product/product-table-2.png",
        "product": "Fancy Men's Cotton",
        "prdouctstatus": "Shipped",
        "stock": "In stock",
        "price": "210$"
    },
    {
        "id": 16,
        "img": "product/product-table-6.png",
        "product": "Fancy Men's Cotton",
        "prdouctstatus": "Shipped",
        "stock": "In stock",
        "price": "210$"
    },
    {
        "id": 17,
        "img": "product/product-table-5.png",
        "product": "Fancy Women's Cotton",
        "prdouctstatus": "Shipped",
        "stock": "In stock",
        "price": "210$"
    },
    {
        "id": 18,
        "img": "product/product-table-1.png",
        "product": "Fancy Men's Cotton",
        "prdouctstatus": "Shipped",
        "stock": "In stock",
        "price": "210$"
    },
    {
        "id": 19,
        "img": "product/product-table-6.png",
        "product": "Fancy Women's Cotton",
        "prdouctstatus": "Cancelled",
        "stock": "In stock",
        "price": "$21"
    },
    {
        "id": 20,
        "img": "product/product-table-5.png",
        "product": "Fancy Women's Cotton",
        "prdouctstatus": "Cancelled",
        "stock": "In stock",
        "price": "210$"
    },
    {
        "id": 21,
        "img": "product/product-table-4.png",
        "product": "Fancy Women's Cotton",
        "prdouctstatus": "Cancelled",
        "stock": "In stock",
        "price": "210$"
    },
    {
        "id": 22,
        "img": "product/product-table-3.png",
        "product": "Fancy Men's Cotton",
        "prdouctstatus": "Cancelled",
        "stock": "In stock",
        "price": "210$"
    },
    {
        "id": 23,
        "img": "product/product-table-2.png",
        "product": "Fancy Men's Cotton",
        "prdouctstatus": "Cancelled",
        "stock": "In stock",
        "price": "210$"
    },
    {
        "id": 24,
        "img": "product/product-table-1.png",
        "product": "Fancy Men's Cotton",
        "prdouctstatus": "Cancelled",
        "stock": "In stock",
        "price": "210$"
    },
    {
        "id": 25,
        "img": "product/product-table-1.png",
        "product": "Fancy Men's Cotton",
        "prdouctstatus": "Cancelled",
        "stock": "In stock",
        "price": "210$"
    },
    {
        "id": 26,
        "img": "product/product-table-6.png",
        "product": "Fancy Women's Cotton",
        "prdouctstatus": "Cancelled",
        "stock": "In stock",
        "price": "210$"
    },
    {
        "id": 27,
        "img": "product/product-table-5.png",
        "product": "Fancy Women's Cotton",
        "prdouctstatus": "Cancelled",
        "stock": "In stock",
        "price": "210$"
    }
]